KEY_ID,Tên Biến Hóa,Gốc,Biến,Động Hào,Lời Khuyên
G1-B9,Càn biến Tiểu Súc (Động 1),1,9,1,"Nếu trong tay không còn chứng phiếu thì không nên mua bán, nếu có thì hãy bán ra ở giá cao, nhưng không được tham lam quá."
G1-B14,Càn biến Đại Hữu (Động 2),1,14,2,"Không được tham lam, phải phân tích thị trường cẩn thận, không được làm bừa, tốt nhất là không nên nhập cuộc."
G1-B43,Càn biến Quải (Động 3),1,43,3,"Sức mua lớn, giá lên cao, nên mua vào, tuy trong lòng lo sợ nhưng vẫn có lãi."
G1-B44,Càn biến Cấu (Động 4),1,44,4,"Thuận theo tình thế mà mua bán, trong lòng thoải mái, giá cả dao động, mua bán nhanh là chính."
G1-B13,Càn biến Đồng Nhân (Động 5),1,13,5,"Phải mua bán cẩn thận, vì mua hay bán đều không lợi, tốt nhất là quan sát rồi mới quyết định."
G1-B10,Càn biến Lý (Động 6),1,10,6,"Bên bán đang bị kẹt, mua vào dễ có lãi, giá cả lên cao, chú ý điều chỉnh."
G43-B5,Quải biến Nhu (Động 1),43,5,1,"Bên mua tỏ ra yếu ớt, không nên mù quáng mua vào, giá cả dao động giảm xuống, ở thời điểm thấp nhất có thể mua vào nhưng phải bán ra nhanh."
G43-B34,Quải biến Đại Tráng (Động 2),43,34,2,"Thị trường tiềm ẩn rủi ro lớn, có khách hàng lớn mua vào, giá cả tăng lên nhanh chóng, mọi người lo lắng, liên tục bị kẹt, mua bán sẽ thua lỗ. Tạm thời không nên nhập cuộc, chờ thời cơ."
G43-B1,Quải biến Càn (Động 3),43,1,3,"Có cảnh tượng bên mua áp đảo bên bán, vượng cực thì suy, giá cả đã tăng đến đỉnh điểm, không thể mù quáng mua theo, lúc này không nên nhập cuộc, chờ xu thế rõ để có phương án."
G43-B28,Quải biến Đại Quá (Động 4),43,28,4,"Lượng giao dịch co lại, nhưng đó chỉ là hiện tượng tạm thời, là sự yên lặng trước khi xu thế chuyển đổi, không nên mua vào, chờ thời cơ mới nhập cuộc."
G43-B49,Quải biến Cách (Động 5),43,49,5,"Có khách hàng lớn nhập cuộc mua vào, giá cả biến đổi lớn, từng bước tăng cao, trở tay không kịp, dễ bị mắc kẹt, nhập cuộc cần cẩn thận."
G43-B58,Quải biến Đoài (Động 6),43,58,6,"Không nên nhập cuộc, vì tinh thần không ổn định, quá tham lam, vì quá tự tin mà bỏ lỡ cơ hội."
G14-B26,Đại Hữu biến Đại Súc (Động 1),14,26,1,"Có chính sách ảnh hưởng đến tình hình, thấy thấp mua vào là đúng sách lược, nhưng lợi nhuận không lớn."
G14-B1,Đại Hữu biến Càn (Động 2),14,1,2,"Bên bán đối địch với bên mua, thực lực bên mua rất mạnh, nhưng bên bán cũng tỏ ra không kém, mua bán phải cẩn thận, không được mù quáng."
G14-B34,Đại Hữu biến Đại Tráng (Động 3),14,34,3,"Bên bán đối địch với bên mua, thực lực bên mua rất mạnh, nhưng bên bán cũng tỏ ra không kém, mua bán phải cẩn thận, không được mù quáng."
G14-B50,Đại Hữu biến Đỉnh (Động 4),14,50,4,Chú ý mua vào nhưng không được chạy theo quá mức.
G14-B30,Đại Hữu biến Ly (Động 5),14,30,5,"Thấy thấp thì mua, thấy lợi thì bán, không nên tham lam, cảnh giác vì tiềm ẩn rủi ro, thị trường có biến đổi bất ngờ dẫn đến bị kẹt."
G14-B38,Đại Hữu biến Khuê (Động 6),14,38,6,"Giá tăng đột biến, nhưng sức tăng yếu, có thể nắm chắc thời cơ bán ra ở giá cao, không có gì nguy hiểm, nhưng cũng không nên chạy theo, chú ý nắm chắc thời cơ bán ra, cảnh giác tình hình đột biến. Tuỳ cơ điều chỉnh phương thức để khỏi bị động."
G34-B11,Đại Tráng biến Thái (Động 1),34,11,1,"Thị trường vô cùng tấp nập, trước khi nhập cuộc nên điều chỉnh phương án hành động, nếu cảm thấy không tốt thì không nên nhẹ dạ nhập cuộc. Mở đầu xuất hiện tình trạng mua bán tranh chấp hỗn loạn khác thường."
G34-B43,Đại Tráng biến Quải (Động 2),34,43,2,"Giá cả tăng dữ dội, dựa theo xu thế mua vào nhưng không thể đeo đuổi đến cùng, có triển vọng thu lợi lớn."
G34-B14,Đại Tráng biến Đại Hữu (Động 3),34,14,3,"Bên bán đối địch với bên mua, thực lực bên mua rất mạnh, nhưng bên bán cũng tỏ ra không kém, mua bán phải cẩn thận, không được mù quáng."
G34-B32,Đại Tráng biến Hằng (Động 4),34,32,4,"Nhập cuộc bị kẹt, lại chưa muốn bán ra, chẳng có cách nào khác."
G34-B55,Đại Tráng biến Phong (Động 5),34,55,5,"Bên mua kéo giá lên, bên bán nhập cuộc nhưng giá vẫn không giảm xuống, nhập cuộc không dễ cầu tài, tạm thời còn bị kẹt, nhưng không có gì nguy hiểm, có thể giữ hàng lại chờ thời."
G34-B54,Đại Tráng biến Quy Muội (Động 6),34,54,6,"Khách hàng nhỏ bận rộn, bề ngoài thị trường tấp nập, lượng giao dịch nhiều nhưng thực ra lợi nhuận không đáng kể."
G9-B1,Tiểu Súc biến Càn (Động 1),9,1,1,"Mua vào ở thời điểm thích hợp sẽ không đến nỗi bi quan, cố gắng phấn đấu, thời cơ đến sẽ đạt kết quả mỹ mãn."
G9-B26,Tiểu Súc biến Đại Súc (Động 2),9,26,2,"Có thu nhập, giá đồng đều, nhưng có xu thế tăng lên, nên mua bán nhanh, về cuối mua vào là chính. chú ý thấy lợi phải kịp thời bán ra."
G9-B5,Tiểu Súc biến Nhu (Động 3),9,5,3,"Có xu thế tăng lên, thấy giá thấp mua vào là chính, thấy lợi thì bán ra, không nên mua bán vòng vo, làm như thế thực ra là ngược lại xu thế, rất dễ bị kẹt. Do đó hôm nay thấy thấp thì mua vào, không có rủi ro."
G9-B57,Tiểu Súc biến Tốn (Động 4),9,57,4,"Xu thế không rõ, trong lòng mê muội, có khách hàng lớn nhập cuộc mua vào, giá cả tăng lên. Không đủ lòng tin để nhập cuộc, cho nên tốt nhất là đứng ngoài quan sát."
G9-B37,Tiểu Súc biến Gia nhân (Động 5),9,37,5,"Bên mua hoành hành, bên bán áp đảo trở lại, bên mua hơi thất thế, nhưng thị trường người mua nhiều hơn người bán, về cuối giá cả vẫn lên cao."
G9-B61,Tiểu Súc biến Trung Phu (Động 6),9,61,6,"Giá dao động lên xuống, thực lực bên mua lớn hơn, do đó mua bán nhanh là chính, chú ý mở rộng lợi nhuận."
G5-B43,Nhu biến Quải (Động 1),5,43,1,"Chứng phiếu bị kẹt được bán ra, thấy thấp thì mua vào, thấy lợi thì bán ra, không nên giữ lại."
G5-B11,Nhu biến Thái (Động 2),5,11,2,"Tình hình có đột biến, nhập cuộc dễ bị kẹt. Mua bán gặp trở ngại, vào sàn phải cẩn thận. Về cuối giá cả có dấu hiệu tăng lên."
G5-B9,Nhu biến Tiểu Súc (Động 3),5,9,3,"Sau đây giá cả có triển vọng lên cao, mua vào sàn phải cẩn thận."
G5-B48,Nhu biến Tỉnh (Động 4),5,48,4,"Không có rủi ro, cầu tài có triển vọng, áp lực bên mua khá lớn, lượng giao dịch không nên nhiều."
G5-B63,Nhu biến Ký Tế (Động 5),5,63,5,"Nhập cuộc tinh thần hăng hái, sức mua thị trường khá lớn, về cuối giá cả tăng lên, thuận theo xu thế mà vào sàn sẽ có thu nhập lớn. Cẩn thận đề phòng có sự phá hoại nhỏ."
G5-B60,Nhu biến Tiết (Động 6),5,60,6,"Thị trường tuy tấp nập, nhưng có vẻ hỗn loạn. Sức mua của thị trường khá lớn, giá cả dao động nhiều, mọi người đều không chú ý, xu thế không rõ, giao dịch phải cẩn thận, cần kiên nhẫn chờ đợi."
G26-B14,Đại Súc biến Đại Hữu (Động 1),26,14,1,"Có chính sách ảnh hưởng đến tình hình, thấy thấp mua vào là đúng sách lược, nhưng lợi nhuận không lớn."
G26-B9,Đại Súc biến Tiểu Súc (Động 2),26,9,2,"Mua vào ở thời điểm thích hợp sẽ không đến nỗi bi quan, cố gắng phấn đấu, thời cơ đến sẽ đạt kết quả mỹ mãn."
G26-B11,Đại Súc biến Thái (Động 3),26,11,3,"Bắt đầu vào cuộc cần bình tĩnh quan sát những người chung quanh và tìm sự đồng tình của những khách hàng lớn, nhất định không được dựa vào cảm giác, nhập cuộc dễ bị kẹt, tránh nóng vội, tiến vững chắc từng bước."
G26-B18,Đại Súc biến Cổ (Động 4),26,18,4,"Thống nhất ý kiến với bạn, nhập cuộc không gặp trở ngại gì, không có rủi ro, cầu tài là được."
G26-B22,Đại Súc biến Bí (Bôn) (Động 5),26,22,5,"Gặp may mắn, thắng lợi bất ngờ, đó là nhờ trời cho."
G26-B41,Đại Súc biến Tổn (Động 6),26,41,6,"Hai bên mua bán giằng co nhau, cuối cùng giá cả vẫn ở trạng thái dao động, nhập cuộc nên cẩn thận."
G11-B34,Thái biến Đại Tráng (Động 1),11,34,1,"Nhập cuộc mua bán nhất định có lợi, đây là lúc thời vận tốt, không được manh động, phải làm ăn chính tắc."
G11-B5,Thái biến Nhu (Động 2),11,5,2,"Tìm thời điểm thích hợp mua vào, hôm nay chưa lợi lớn, có thể giữ lại tuy trong lòng vẫn lo lắng."
G11-B26,Thái biến Đại Súc (Động 3),11,26,3,"Bên mua nhập cuộc, bên bán chờ đợi thời cơ, cầu tài không dễ, không nên mua vào."
G11-B46,Thái biến Thăng (Động 4),11,46,4,"Không có rủi ro, nắm vững sự biến đổi của thị trường, làm theo phương án của mình, nhập cuộc sẽ có lợi."
G11-B36,Thái biến Minh Di (Động 5),11,36,5,"Mua bán có lo lắng, sau khi bị kẹt nên chờ đợi, tình hình phát triển cuối cùng chuyển đổi rõ rệt, chứng phiếu bị kẹt được giải thoát và còn thu ít lãi."
G11-B19,Thái biến Lâm (Động 6),11,19,6,"Thị trường tấp nập, mua bán thuận lợi, giá cao bán ra, giá thấp mua vào sẽ thu lợi lớn. Trước hết nên chuẩn bị tốt lực lượng của mình để lúc hành động khỏi rối loạn."
G10-B61,Lý biến Trung Phu (Động 1),10,61,1,"Bên mua ra sức giữ giá. Nhập cuộc có thể mua vào, chắc chắn sẽ thu lợi, tuy không lớn lắm. Về cuối bên mua càng có lòng tin, nhưng không được chạy theo mua vào nhiều."
G10-B38,Lý biến Khuê (Động 2),10,38,2,"Thị trường xuất hiện dao động lớn, mua vào có lợi hơn."
G10-B58,Lý biến Đoài (Động 3),10,58,3,"Tinh thần mọi người hăng hái, thị trường có sức hấp dẫn, sức mua khá lớn, giá cả nằm ở mức cao, cầu tài khó khăn, giao dịch phải khống chế số lượng."
G10-B6,Lý biến Tụng (Động 4),10,6,4,"Thấy cao bán ra, thấy thấp mua vào là sách lược hôm nay, vận khí thuận lợi, không có gì nguy hiểm, nhưng cũng không lợi lớn."
G10-B25,Lý biến Vô Vọng (Động 5),10,25,5,"Thị trường tấp nập, tinh thần hăng hái, dựa theo xu thế mà vào sàn có thể thu lợi."
G10-B1,Lý biến Càn (Động 6),10,1,6,"Thấy cao thì bán, thấy thấp thì mua vào không có gì rủi ro, có thể lãi lớn."
G58-B60,Đoài biến Tiết (Động 1),58,60,1,"Sau khi mở sàn, giá cả không ổn định. Không nên nhập cuộc. Về cuối giá cả bị động, giá tăng lên, mua bán phải chú ý nắm chắc, không được làm bừa, thắng lợi rồi thì rút ra."
G58-B54,Đoài biến Quy Muội (Động 2),58,54,2,"Mua bán tranh chấp nhưng cuối cùng không xuất hiện hiện tượng căng thẳng, cạnh tranh có trật tự, tuy có rủi ro nhưng hậu quả bình thường."
G58-B10,Đoài biến Lý (Động 3),58,10,3,"Tinh thần mọi người hăng hái, thị trường có sức hấp dẫn, sức mua khá lớn, giá cả nằm ở mức cao, cầu tài khó khăn, giao dịch phải khống chế số lượng."
G58-B47,Đoài biến Khốn (Động 4),58,47,4,"Không nên nhập cuộc, đây là thời cơ tốt để quan sát sự phát triển của thị trường, tìm hiểu mình kỹ hơn, khiến cho cách nghĩ của mình phù hợp với thị trường thì hành động của bạn sẽ hợp lý, nếu không bạn sẽ là người thất bại, hoặc chỉ là người thành công tạm thời, không phải là người biết cách đầu tư."
G58-B17,Đoài biến Tùy (Động 5),58,17,5,"Không nên vì một lần thất bại đã lo sợ, gọi là ""Một lần rắn cắn, mười năm sợi dây thừng"". Như thế là quá nhạy cảm, nên tăng thêm lòng tin, không sợ thất bại, qua thất bại tổng kết kinh nghiệm để chuẩn bị cho lần giao dịch mới."
G58-B43,Đoài biến Quải (Động 6),58,43,6,"Không nên nhập cuộc, vì tinh thần không ổn định, quá tham lam, vì quá tự tin mà bỏ lỡ cơ hội."
G38-B41,Khuê biến Tổn (Động 1),38,41,1,"Có dấu hiệu bị thua lỗ, nhập cuộc phải cẩn thận, tạm thời nên ngừng giao dịch, chờ thời."
G38-B10,Khuê biến Lý (Động 2),38,10,2,"Thị trường xuất hiện dao động lớn, mua vào có lợi hơn."
G38-B54,Khuê biến Quy Muội (Động 3),38,54,3,"Tham lam quá mức chuyển thắng thành bại. Chứng phiếu bị kẹt, chỉ có bán ra. Về cuối bên mua vào sàn, giá cả tăng lên, chạy theo mua vào phải nắm chắc thời cơ rút lui, tốt nhất là quan sát rồi mới quyết định nên mua hay nên bán."
G38-B64,Khuê biến Vị Tế (Động 4),38,64,4,"Thị trường có hiện tượng đột biến, không thể hành động theo mong muốn chủ quan, cẩn thận đề phòng bị mắc kẹt."
G38-B21,Khuê biến Phệ Hạp (Động 5),38,21,5,"Nhập cuộc gặp biến động bất ngờ, chuốc lấy thất bại. Do đó không nên vào cuộc."
G38-B14,Khuê biến Đại Hữu (Động 6),38,14,6,"Bên mua thao túng, giá cả có triển vọng lên cao, nhưng sức tăng không mạnh, về cuối ở khu vực giá cao có thể bán ra, nhưng nhìn chung toàn thị trường có vẻ tiêu điều."
G54-B19,Quy Muội biến Lâm (Động 1),54,19,1,"Nắm chắc nguyên nhân cơ bản sự phát triển của thị trường, hành động theo xu thế, kịp thời điều chỉnh sách lược, mua bán nhanh không rủi ro mà còn có lợi."
G54-B58,Quy Muội biến Đoài (Động 2),54,58,2,"Tuy giá khá cao nhưng tình hình không có gì biến đổi, cũng không có lực lượng mua mới tham gia vào, bên bán đang chờ đợi, mọi người tỏ ra hoang mang, cuối cùng bên mua không có sức giữ giá, giá cả thấp xuống, nhập cuộc rủi ro khá lớn."
G54-B38,Quy Muội biến Khuê (Động 3),54,38,3,"Tuy đang bị mắc kẹt nhưng bán ra chưa phải là thời cơ. Về cuối giá cả dao động khá lớn. Chờ thời cơ có lợi, kiên định và tin tưởng, không nên bị người khác mê hoặc, nếu không sẽ thất bại lớn hơn."
G54-B40,Quy Muội biến Giải (Động 4),54,40,4,"Giá có biến đổi mới, mọi người hăng hái, chạy theo nhập cuộc, giữa chừng có đột biến, kết quả bị mắc kẹt, trong lòng lo lắng, chẳng được lợi gì."
G54-B51,Quy Muội biến Chấn (Động 5),54,51,5,"Tuy giá biến hóa khác thường, thị trường tiềm ẩn rủi ro lớn, nhưng không nguy hiểm cho bạn, không có gì bất lợi đối với mình, vẫn còn là vận may."
G54-B34,Quy Muội biến Đại Tráng (Động 6),54,34,6,"Khách hàng nhỏ bận rộn, bề ngoài thị trường tấp nập, lượng giao dịch nhiều nhưng thực ra lợi nhuận không đáng kể."
G61-B10,Trung Phu biến Lý (Động 1),61,10,1,"Bên mua ra sức giữ giá. Nhập cuộc có thể mua vào, chắc chắn sẽ thu lợi, tuy không lớn lắm. Về cuối bên mua càng có lòng tin, nhưng không được chạy theo mua vào nhiều."
G61-B41,Trung Phu biến Tổn (Động 2),61,41,2,"Tình hình vẫn dao động ở mức cực đoan, tiềm ẩn rủi ro rất lớn, nhập cuộc phải cẩn thận về số lượng, tìm kiếm cảm giác vào nhanh ra nhanh, bị mắc kẹt phải kịp thời bán ra."
G61-B60,Trung Phu biến Tiết (Động 3),61,60,3,"Nhập cuộc bị mắc kẹt, đành phải bán ra, không được giữ lại. Nên cẩn thận phán đoán xu thế, không được manh động."
G61-B59,Trung Phu biến Hoán (Động 4),61,59,4,"Nhập cuộc bị mắc kẹt vì thời cơ nhập cuộc không tốt. Giá tăng gặp trở ngại, áp lực bên bán khá lớn, trong lòng lo lắng bồn chồn."
G61-B42,Trung Phu biến Ích (Động 5),61,42,5,"Tìm thắng lợi trong sự ổn định. Muốn thắng lợi trong thị trường chứng khoán thì phải trầm tĩnh, ngược lại nếu không nắm chắc xu thế cuối cùng sẽ bị thất bại."
G61-B9,Trung Phu biến Tiểu Súc (Động 6),61,9,6,"Giá dao động lên xuống, thực lực bên mua lớn hơn, do đó mua bán nhanh là chính, chú ý mở rộng lợi nhuận."
G60-B58,Tiết biến Đoài (Động 1),60,58,1,"Mâu thuẫn được hóa giải, thua lỗ được bù đắp, chú ý bán chứng phiếu ra, không nên mua mới, không nên giữ lại."
G60-B19,Tiết biến Lâm (Động 2),60,19,2,"Chủ quan cho rằng mình là cừ nhất, vì tạm thời lãi được một ít mà bước sau bắt đầu thua lỗ. Lòng tham lại nổi lên, càng chuốc lấy bất lợi. Về cuối giá cả hạ xuống, cần đề phòng có khách hàng lớn nhập cuộc mua vào."
G60-B61,Tiết biến Trung Phu (Động 3),60,61,3,"Thị trường tấp nập, lòng người hăng hái, nên mua bán nhanh, vào nhanh ra nhanh sẽ thu lợi lớn, không nên do dự."
G60-B29,Tiết biến Khảm (Động 4),60,29,4,"Thị trường rủi ro rất lớn, xu thế không rõ, lòng người không ổn định, mua bán hỗn chiến, nhập cuộc sẽ bị mắc kẹt. Tốt nhất đứng ngoài."
G60-B3,Tiết biến Truân (Động 5),60,3,5,"Tham lam sẽ thất bại, tính tình không tốt thì không nên nhập cuộc. Thực lực bên mua vừa phải, mua vào phải cẩn thận, không thể làm liều, tuy không rủi ro nhưng cũng không có lợi."
G60-B5,Tiết biến Nhu (Động 6),60,5,6,"Thị trường tuy tấp nập, nhưng có vẻ hỗn loạn. Sức mua của thị trường khá lớn, giá cả dao động nhiều, mọi người đều không chú ý, xu thế không rõ, giao dịch phải cẩn thận, cần kiên nhẫn chờ đợi."
G41-B38,Tổn biến Khuê (Động 1),41,38,1,"Cung lớn hơn cầu, tự nhiên giá hạ xuống, nhưng bên mua thừa cơ thao túng, giá cả xuất hiện trạng thái cực đoan, mua bán có kỹ xảo thì có thể lợi nhiều."
G41-B61,Tổn biến Trung Phu (Động 2),41,61,2,"Có dấu hiệu giá tăng, nhưng áp lực bán cũng khá lớn thế lực hai bên mua bán ngang nhau, giá cả biến động trong biên độ lớn, nhập cuộc phải chú ý nắm chắc thời cơ, nếu không thì khó thắng."
G41-B19,Tổn biến Lâm (Động 3),41,19,3,"Ngoài việc hanh thông, mua bán như ý tiền đồ đầy hy vọng, thuận buồm xuôi gió, còn thu lợi lớn, nhưng không nên vì thế mà chủ quan."
G41-B4,Tổn biến Mông (Động 4),41,4,4,"Tay chân rối loạn đương nhiên không tốt, vừa nhập cuộc thì khẩn trương cao độ, dễ gây nên sai lầm, cầu tài không được, do đó nói tâm thái không ổn định thì cần điều chỉnh, không nên nhập cuộc trong trạng thái nôn nóng."
G41-B27,Tổn biến Di (Động 5),41,27,5,"Có khách hàng mạnh liên kết với nhau để thao túng thị trường, thị trường rất căng thẳng, nên kịp thời điều chỉnh, sớm rút lui, nếu không sẽ có nguy cơ mắc kẹt."
G41-B26,Tổn biến Đại Súc (Động 6),41,26,6,"Thấy thấp mua vào là phương sách đúng đắn, phải cẩn thận đề phòng ý kiến của người khác ảnh hưởng đến tư duy của mình dẫn đến sai lầm, làm đảo lộn kế hoạch, bảo đảm tính độc lập là rất quan trọng."
G19-B54,Lâm biến Quy Muội (Động 1),19,54,1,"Luôn chỉ biết cầu lợi, tình hình thay đổi, cuối cùng chẳng được gì."
G19-B60,Lâm biến Tiết (Động 2),19,60,2,"Sau khi vào cuộc bán ra với giá cao, thấy lợi thì kịp thời bán hết. Thị trường áp lực bán ra khá lớn, giữa chừng có lực lượng mua mới tham gia, giá cả dao động."
G19-B41,Lâm biến Tổn (Động 3),19,41,3,"Ngoài việc hanh thông, mua bán như ý tiền đồ đầy hy vọng, thuận buồm xuôi gió, còn thu lợi lớn, nhưng không nên vì thế mà chủ quan."
G19-B7,Lâm biến Sư (Động 4),19,7,4,"Thị trường hỗn loạn, có khách hàng lớn đang đứng ngoài quan sát, các khách hàng nhỏ nhập cuộc mù quáng, lúc này không nên nhập cuộc."
G19-B24,Lâm biến Phục (Động 5),19,24,5,"Thị trường tấp nập, giao dịch sôi động, vào sàn mua bán sẽ thu được lợi."
G19-B11,Lâm biến Thái (Động 6),19,11,6,"Thị trường tấp nập, mua bán thuận lợi, giá cao bán ra, giá thấp mua vào sẽ thu lợi lớn. Trước hết nên chuẩn bị tốt lực lượng của mình để lúc hành động khỏi rối loạn."
G13-B37,Đồng Nhân biến Gia Nhân (Động 1),13,37,1,"Mọi người hăng hái, nhưng trong hỗn loạn dễ mắc sai lầm, có thể vì đánh giá sai tình hình mà mắc phải sai lầm. Không được xem thường lực lượng bên mua, cầu lợi không được."
G13-B30,Đồng Nhân biến Ly (Động 2),13,30,2,"Không nên thấy sấm thì cho là có mưa, mù quáng chạy theo. Thị trường phát triển có hiện tượng khác thường, không nên nhập cuộc."
G13-B49,Đồng Nhân biến Cách (Động 3),13,49,3,"Vật cực tất phải quay trở lại, giá cả trượt xuống cực điểm, ở giá đáy bên mua sẽ nhập cuộc, chuẩn bị tốt để đón thị trường biến đổi, không được mù quáng chạy theo bán ra, phân phối tốt thực lực của mình, ở giá thích hợp mua thử một ít."
G13-B33,Đồng Nhân biến Độn (Động 4),13,33,4,"Giá cả ở mức cao, dao động ít, lợi nhuận không lớn, không nên nhập cuộc."
G13-B1,Đồng Nhân biến Càn (Động 5),13,1,5,"Tinh thần hăng hái, nhưng không phân tích được xu thế của tình hình, chỉ biết chạy theo, kết quả chuốc lấy thất bại."
G13-B25,Đồng Nhân biến Vô Vọng (Động 6),13,25,6,"Hai bên mua bán tranh nhau, cuối cùng bên mua chủ động, hành động phải cẩn thận."
G49-B63,Cách biến Ký Tế (Động 1),49,63,1,"Thị trường dao động, trường hợp này không được do dự, nên đưa hết quả cảm và sức lực ra mà hành động. Giá cả tuy lên xuống không ổn định, nhưng có thể thu được lợi lớn, không được bỏ lỡ thời cơ."
G49-B55,Cách biến Phong (Động 2),49,55,2,"Giá cả khá cao, hai bên mua bán dần dần phát sinh biến đổi, không thích hợp nhập cuộc."
G49-B13,Cách biến Đồng Nhân (Động 3),49,13,3,"Vật cực tất phải quay trở lại, giá cả trượt xuống cực điểm, ở giá đáy bên mua sẽ nhập cuộc, chuẩn bị tốt để đón thị trường biến đổi, không được mù quáng chạy theo bán ra, phân phối tốt thực lực của mình, ở giá thích hợp mua thử một ít."
G49-B31,Cách biến Hàm (Động 4),49,31,4,"Vận khí không thông, nhập cuộc có rủi ro, không những chẳng được gì mà còn bị mắc kẹt. Tạm thời quan sát. Giá cả dao động, rất khó nắm bắt thời cơ."
G49-B43,Cách biến Quải (Động 5),49,43,5,"Sau khi điều chỉnh, xu thế thị trường rõ dần, lòng người cũng chuyển biến tốt hơn, sức mua bán không ngừng tăng lên, theo xu thế mà hành động thì sẽ thành công."
G49-B17,Cách biến Tùy (Động 6),49,17,6,"Giá cả lên xuống có trật tự, thị trường vận hành ổn định, mua bán nhanh là chính, rủi ro ít, sẽ có lợi."
G30-B22,Ly biến Bí (Bôn) (Động 1),30,22,1,"Không nên vội vàng, tiến hành từng bước, thuận theo xu thế mà làm, cuối cùng sẽ không gặp trắc trở."
G30-B13,Ly biến Đồng nhân (Động 2),30,13,2,"Không nên mua bán nhanh. Gặp cao có thể bán ra, giữ hàng lại có thể thu lợi. Nếu không hứng thú, thiếu lòng tin thì không nên nhập cuộc, trong lòng nôn nóng rất dễ sai lầm."
G30-B55,Ly biến Phong (Động 3),30,55,3,"Thị trường có đột biến, không thể nhập cuộc mù quáng, cẩn thận kẻo bị thua thiệt."
G30-B56,Ly biến Lữ (Động 4),30,56,4,"Nên làm chung hay làm dài hạn, mua vào là chính, không nên mua bán nhanh, tốt nhất không nhập cuộc, nếu không dễ bị mắc kẹt, cầu tài khó khăn."
G30-B14,Ly biến Đại Hữu (Động 5),30,14,5,"Về sau giá thị trường lên cao, do đó khi bắt đầu nhập cuộc nếu mua chứng phiếu mới ở giá thấp thì nhất định thắng lợi."
G30-B21,Ly biến Phệ Hạp (Động 6),30,21,6,"Tâm thần hoảng loạn, bên bán áp đảo tình hình không ổn do dự không quyết đoán, vì vậy không nên nhập cuộc."
G55-B36,Phong biến Minh Di (Động 1),55,36,1,"Tình hình có phát triển, tuy không ổn định lắm nhưng không rủi ro nhiều. Áp lực bên bán khá lớn, mua vào phải cẩn thận, về cuối vì bên bán bán hết, dẫn đến giá cả lên cao. Nên mua bán nhanh, giữ hàng lại không lợi."
G55-B49,Phong biến Cách (Động 2),55,49,2,"Giá cả khá cao, hai bên mua bán dần dần phát sinh biến đổi, không thích hợp nhập cuộc."
G55-B30,Phong biến Ly (Động 3),55,30,3,"Thị trường có đột biến, không thể nhập cuộc mù quáng, cẩn thận kẻo bị thua thiệt."
G55-B62,Phong biến Tiểu Quá (Động 4),55,62,4,"Bị mắc kẹt mà không giải quyết được. Về cuối giá cả dao động trong biên độ hẹp, không nên mua bán mới. Cần kịp thời điều chỉnh để thoát khỏi khó khăn, chú ý nắm chắc tình hình."
G55-B34,Phong biến Đại Tráng (Động 5),55,34,5,"Không nên hành động, cầu tài không được, thị trường có trở ngại, cảnh giác về cuối có đột biến. Về sau giá cả tăng lên."
G55-B51,Phong biến Chấn (Động 6),55,51,6,"Mua bán phải có đầu óc ứng biến, không nên giữ mãi ý nghĩ mua hay bán theo một chiều. Thị trường phát triển không ổn định, nên hành động phải cẩn thận. Nếu trong tay có chứng phiếu bị kẹt thì đây là thời cơ bán ra, mua bán mới sẽ không có lợi."
G37-B13,Gia Nhân biến Đồng Nhân (Động 1),37,13,1,"Hai bên mua bán tranh chấp cuối cùng bên mua chiếm thế thượng phong, vì thế nhập cuộc nên nghiên cứu cẩn thận để đề ra sách lược, cẩu thả thì sẽ bị mắc kẹt."
G37-B22,Gia Nhân biến Bí (Bôn) (Động 2),37,22,2,"Không nên bị một số hiện tượng mê hoặc, làm rõ nhân tố chủ yếu gây ảnh hưởng đến tình hình, không nên nhập cuộc vì không có lợi."
G37-B63,Gia Nhân biến Ký Tế (Động 3),37,63,3,"Sau khi nhập cuộc thu lợi phụ động, chỉ vì lòng tham lại nổi lên, cho nên không muốn bán ra, kết quả bị mắc kẹt."
G37-B53,Gia Nhân biến Tiệm (Động 4),37,53,4,"Mua bán tranh chấp, dần dần thế lực hai bên giảm yếu, bên bán mạnh hơn, nhập cuộc nên nắm chắc thời cơ, gặp cao bán ra sẽ có lợi, không nên giữ hàng lại."
G37-B9,Gia Nhân biến Tiểu Súc (Động 5),37,9,5,"Bên mua hoành hành, bên bán áp đảo trở lại, bên mua hơi thất thế, nhưng thị trường người mua nhiều hơn người bán, về cuối giá cả vẫn lên cao."
G37-B42,Gia Nhân biến Ích (Động 6),37,42,6,"Trong thị trường chứng khoán, những trường hợp gây cho mình lo lắng là bình thường, cần phải biết cách thích nghi với những biến đổi đột biến này, trước hết phải giữ được tình cảm ổn định, chỉ có ổn định mới có thể phân tích được tình hình biến đổi, từ đó có phương án hành động đúng. Trong tình hình hiện nay tốt nhất là không nên nhập cuộc, vì rủi ro rất lớn."
G63-B49,Ký Tế biến Cách (Động 1),63,49,1,"Thị trường dần dần tấp nập, lượng giao dịch lớn, thuận theo xu thế mà vào sàn có thể thu lợi, dùng phương thức hành động khác với mọi người thì sẽ thắng lớn. Vừa phải mạnh dạn, vừa phải hiểu biết, cấm mù quáng."
G63-B36,Ký Tế biến Minh Di (Động 2),63,36,2,"Vì quá tham mà chuốc lấy thất bại. Lòng tham là kẻ địch của mua bán, nên lấy đó làm tiếng chuông cảnh tỉnh, luôn luôn phải cảnh giác nếu không sẽ không bao giờ được ổn định, cho dù tạm thời có lợi thì cuối cùng vẫn bị thị trường đào thải."
G63-B37,Ký Tế biến Gia Nhân (Động 3),63,37,3,"Mua bán tranh chấp, rủi ro khắp nơi, không thể mù quáng chạy theo. Thấy cao thì bán ra sẽ thắng lợi, giữ hàng không lợi."
G63-B39,Ký Tế biến Kiển (Động 4),63,39,4,"Lực lượng mua bán ngang nhau, giá cả dao động, xu thế không rõ ràng, có thể căn cứ tình hình để bán hay mua đều được, không có lợi lớn."
G63-B5,Ký Tế biến Nhu (Động 5),63,5,5,"Nhập cuộc tinh thần hăng hái, sức mua thị trường khá lớn, về cuối giá cả tăng lên, thuận theo xu thế mà vào sàn sẽ có thu nhập lớn. Cẩn thận đề phòng có sự phá hoại nhỏ."
G63-B3,Ký Tế biến Truân (Động 6),63,3,6,"Từ hiện tượng mà xét thì không có dấu hiệu gì đặc biệt phải lo ngại, có thể giao dịch một ít để làm thử, sức mua không đủ mạnh, bên bán áp đảo, thua lỗ ít, nhưng tổng thể mà xét thì vẫn còn chủ động."
G22-B30,Bí (Bôn) biến Ly (Động 1),22,30,1,"Thị trường vận hành bình thường, giá cả biến đổi có trật tự, không có rủi ro, nắm chắc thời cơ có thể thu lợi lớn."
G22-B37,Bí (Bôn) biến Gia Nhân (Động 2),22,37,2,"Lòng người hỗn loạn, số người bị mắc kẹt khá nhiều, mua bán không rõ ràng, không dễ làm ăn trung hay dài hạn, trong lòng không nắm chắc, tạm thời nên ngừng giao dịch, quan sát chờ thời. Về cuối nên mua bán nhanh."
G22-B36,Bí (Bôn) biến Minh Di (Động 3),22,36,3,"Thị trường có trở ngại, nhập cuộc không thuận lợi."
G22-B52,Bí (Bôn) biến Cấn (Động 4),22,52,4,"Giá tăng lên gặp trở ngại, cầu lợi không được, áp lực bên bán khá lớn. Không nên nhập cuộc."
G22-B26,Bí (Bôn) biến Đại Súc (Động 5),22,26,5,"Bên mua đang tích trữ lực lượng, có triển vọng xuất hiện giá cao mới, thấy thấp mua vào là chính, không nên bán ra, không có rủi ro."
G22-B27,Bí (Bôn) biến Di (Động 6),22,27,6,"Nhập cuộc không lợi tuy không lỗ nhiều, tiến thoái lưỡng nan."
G36-B55,Minh Di biến Phong (Động 1),36,55,1,"Tình hình có phát triển, tuy không ổn định lắm nhưng không rủi ro nhiều. Áp lực bên bán khá lớn, mua vào phải cẩn thận, về cuối vì bên bán bán hết, dẫn đến giá cả lên cao. Nên mua bán nhanh, giữ hàng lại không lợi."
G36-B63,Minh Di biến Ký Tế (Động 2),36,63,2,"Mua bán cạnh tranh kịch liệt, giá cả biến động lớn, nhập cuộc phải cẩn thận, có lợi thì bán ra, nếu tham lam quá mức sẽ thất bại, xu thế không rõ ràng, tốt nhất không nhập cuộc."
G36-B22,Minh Di biến Bí (Bôn) (Động 3),36,22,3,"Tình hình rơi vào trạng thái điều chỉnh lớn, hành động phải cẩn thận, không được giữ hàng lại, là lúc mua bán tranh chấp kịch liệt. Cảnh giác dấu hiệu thị trường biến đổi."
G36-B23,Minh Di biến Bác (Bóc) (Động 4),36,23,4,"Bên bán lần lượt tham gia, giá cả hạ xuống từng nấc, thuận theo xu thế mà bán ra có thể thu lợi."
G36-B11,Minh Di biến Thái (Động 5),36,11,5,"Mua bán có lo lắng, sau khi bị kẹt nên chờ đợi, tình hình phát triển cuối cùng chuyển đổi rõ rệt, chứng phiếu bị kẹt được giải thoát và còn thu ít lãi."
G36-B24,Minh Di biến Phục (Động 6),36,24,6,"Nhìn gió có vẻ trời sắp mưa, nhưng hôm nay dựa vào thông tin thị trường để hành động thì sẽ bị lỗ."
G25-B42,Vô Vọng biến Ích (Động 1),25,42,1,"Vận khí dần dần hanh thông, là thời cơ thành đại nghiệp, nhưng phải quyết đoán, mạnh bước tiến lên, không được do dự, không được vì thắng lợi mà mất cảnh giác, giá cả đi lên, từ đây phải cẩn thận."
G25-B21,Vô Vọng biến Phệ Hạp (Động 2),25,21,2,"Có chia rẽ, tuy có lợi nhưng cũng bị sứt mẻ, nhập cuộc phải chú ý điều chỉnh."
G25-B17,Vô Vọng biến Tùy (Động 3),25,17,3,"Có dấu hiệu thất bại, nhập cuộc phải cẩn thận."
G25-B12,Vô Vọng biến Bĩ (Phủ) (Động 4),25,12,4,"Không thể nôn nóng, thế thủ thì tốt, hành động mù quáng thì nguy hiểm, nên nghỉ ngơi quan sát."
G25-B10,Vô Vọng biến Lý (Động 5),25,10,5,"Thị trường tấp nập, tinh thần hăng hái, dựa theo xu thế mà vào sàn có thể thu lợi."
G25-B13,Vô Vọng biến Đồng Nhân (Động 6),25,13,6,"Hai bên mua bán tranh nhau, cuối cùng bên mua chủ động, hành động phải cẩn thận."
G17-B3,Tùy biến Truân (Động 1),17,3,1,"Thua thiệt có cơ hội được bù đắp, hàng bị kẹt không nên kéo dài nữa, phải tìm cách bán ra ở thời điểm giá cả thích hợp, không có rủi ro. Vào sàn giao dịch thì sẽ thắng lợi."
G17-B51,Tùy biến Chấn (Động 2),17,51,2,"Đứng ngoài quan sát, không nên nhập cuộc, mua bán ngập ngừng sẽ bỏ lỡ cơ hội thu lãi."
G17-B25,Tùy biến Vô Vọng (Động 3),17,25,3,"Mây tan trời sẽ hửng sáng, mâu thuẫn được giải quyết, nhập cuộc sẽ có lợi."
G17-B45,Tùy biến Tụy (Động 4),17,45,4,"Nhập cuộc sẽ bị kẹt. Cầu tài khó khăn, thế thủ là tốt nhất."
G17-B58,Tùy biến Đoài (Động 5),17,58,5,"Không nên nhập cuộc, rủi ro rất lớn, hơn nữa không có lợi để cầu."
G17-B49,Tùy biến Cách (Động 6),17,49,6,"Thị trường dần dần tấp nập, lượng giao dịch lớn, thuận theo xu thế mà vào sàn có thể thu lợi."
G21-B27,Phệ Hạp biến Di (Động 1),21,27,1,"Thị trường nhạt nhẽo, lượng giao dịch ít, tinh thần uể oải, chỉ nên quan sát chờ thời."
G21-B25,Phệ Hạp biến Vô Vọng (Động 2),21,25,2,"Vừa đau khổ bán ra xong, lại tiếp tục bị mắc kẹt, trong lòng buồn bực, lúc này không nên nhập cuộc, thế thủ chờ đợi."
G21-B51,Phệ Hạp biến Chấn (Động 3),21,51,3,"Chỉ có ngừng giao dịch, không có cách gì khác."
G21-B35,Phệ Hạp biến Tấn (Động 4),21,35,4,"Mua nhanh bán nhanh, thấy thấp mua vào, thấy cao bán ra, nắm chắc thời cơ để tăng thêm thu nhập."
G21-B38,Phệ Hạp biến Khuê (Động 5),21,38,5,"Mua bán hỗn chiến, xu thế không rõ ràng, trong lòng không tỉnh táo, cho nên nhập cuộc phải cẩn thận."
G21-B30,Phệ Hạp biến Ly (Động 6),21,30,6,"Tâm thần hoảng loạn, bên bán áp đảo tình hình không ổn do dự không quyết đoán, vì vậy không nên nhập cuộc."
G51-B24,Chấn biến Phục (Động 1),51,24,1,"Tưởng được mà hoá ra mất. Chú ý nắm vững thời cơ bán ra, áp lực bên bán lớn hơn, giá cả trượt xuống, không nên tham lam, cẩn thận đề phòng về cuối có lực lượng mua mới vào cuộc."
G51-B17,Chấn biến Tùy (Động 2),51,17,2,"Thị trường tấp nập, cơ hội khi nào cũng có, khắp nơi đều là tiền bạc, điều khó khăn là bản thân ứng xử như thế nào, làm sao để nắm bắt được cơ hội. Chỉ có ra sức nghiên cứu, từ thực tiễn tổng kết bài học kinh nghiệm, theo quy luật phát triển của thị trường mà hành động, không được tưởng tượng, không được ảo tưởng may rủi, cấm tham lam, bồi dưỡng cho mình quan niệm đầu tư khoa học, lý tính vững vàng và khả năng ứng biến thì mới có thể là người thắng lợi."
G51-B21,Chấn biến Phệ Hạp (Động 3),51,21,3,"Thiếu lòng tin nên sau khi nhập cuộc cảm thấy lo sợ, cuối cùng đành phải rút lui."
G51-B16,Chấn biến Dự (Động 4),51,16,4,"Mua bán tranh chấp căng thẳng, có xu thế bùng nổ, mọi người tuy hăng hái nhưng có vẻ khủng hoảng, không nắm chắc xu thế, do dự mãi cuối cùng bỏ lỡ thời cơ nhập cuộc. Không nên coi nhẹ lực lượng bên bán."
G51-B54,Chấn biến Quy Muội (Động 5),51,54,5,"Tuy giá biến hóa khác thường, thị trường tiềm ẩn rủi ro lớn, nhưng không nguy hiểm cho bạn, không có gì bất lợi đối với mình, vẫn còn là vận may."
G51-B55,Chấn biến Phong (Động 6),51,55,6,"Cầu mong thắng lợi là mọi người đều muốn, nếu quá dụng tâm thì sẽ gây nên áp lực trong mua bán, đi đến cực đoan, cuối cùng sẽ thất bại."
G42-B25,Ích biến Vô Vọng (Động 1),42,25,1,"Xu thế rõ ràng nhưng nhập cuộc không dễ thắng, bởi vì có biến đổi ngẫu nhiên, lợi nhuận trong tầm tay mà tuột mất. Không nên vào sàn, không nên quá tự tin mà sinh ra mù quáng.."
G42-B27,Ích biến Di (Động 2),42,27,2,"Chứng phiếu bị kẹt đã được giải thoát, thị trường xuất hiện biến đổi gì cũng không gây ra rủi ro, không nên mua bán mới, thế thủ là tốt."
G42-B3,Ích biến Truân (Động 3),42,3,3,"Nhập cuộc mua bán sẽ thu lợi bất ngờ, cát nhân thiên tướng, nhưng phải đề phòng nóng vội."
G42-B20,Ích biến Quan (Động 4),42,20,4,"Không nên tin vào những lời đồn đại, những tin này ảnh hưởng đến hành động của bạn, phải giữ vững tính độc lập, tâm thái cân bằng Giá dao động, có dấu hiệu bị thua thiệt."
G42-B61,Ích biến Trung Phu (Động 5),42,61,5,"Tìm thắng lợi trong sự ổn định. Muốn thắng lợi trong thị trường chứng khoán thì phải trầm tĩnh, ngược lại nếu không nắm chắc xu thế cuối cùng sẽ bị thất bại."
G42-B37,Ích biến Gia nhân (Động 6),42,37,6,"Mua bán hỗn loạn, xu thế không rõ, rơi vào trạng thái không tỉnh táo, chứng phiếu bị kẹt không có cơ hội bán ra."
G3-B17,Truân biến Tùy (Động 1),3,17,1,"Thị trường vận hành bình thường, không có hiện tượng khác lạ, mua hay bán đều được, nói chung bán ra rủi ro ít hơn."
G3-B24,Truân biến Phục (Động 2),3,24,2,"Bên bán có khách hàng lớn tham gia áp đảo, thị trường khủng hoảng, giá liên tục hạ xuống, thực ra lực lượng bên bán không đủ mạnh, về cuối bên bán tỏ ra yếu đuối, cầu tài khó khăn, cần cẩn thận."
G3-B42,Truân biến Ích (Động 3),3,42,3,"Không nên mơ tưởng hão huyền, nên thực tế, căn cứ tình hình mà ứng biến theo quy luật vận động của nó, sắp đặt kế hoạch hành động thiết thực thì sẽ chẳng có gì mà lo lắng."
G3-B8,Truân biến Tỉ (Động 4),3,8,4,"Mua bán vất vả, thời cơ nhập cuộc không tốt, chẳng có lợi lớn, phải chú ý : bên bán chờ thời cơ để nhập cuộc thao túng."
G3-B60,Truân biến Tiết (Động 5),3,60,5,"Biết đủ thì thường vui, tham lam quá độ sẽ chuốc lấy tai hoạ. Chú ý lượng giao dịch không nên quá lớn, thấy lợi thì bán ra."
G3-B63,Truân biến Ký Tế (Động 6),3,63,6,"Mua bán cạnh tranh kịch liệt, giá cả biến động lớn, nhập cuộc phải cẩn thận, có lợi thì bán ra, nếu tham lam quá mức sẽ thất bại, xu thế không rõ ràng, tốt nhất không nhập cuộc."
G27-B21,Di biến Phệ Hạp (Động 1),27,21,1,"Thấy thấp thì mua, đó là sách lược mua bán của hôm nay."
G27-B42,Di biến Ích (Động 2),27,42,2,"Nắm vững lợi ích vừa giành được, nhưng không thể vì thế mà hành động do dự, nếu không sẽ chuốc lấy thất bại."
G27-B24,Di biến Phục (Động 3),27,24,3,"Đeo đuổi bán ra có thể lợi lớn, chú ý quyết toán kịp thời, về cuối có người mua vào, giá sẽ tăng lên."
G27-B15,Di biến Khiêm (Liêm) (Động 4),27,15,4,"Áp lực bán ra khá lớn, mua vào phải cẩn thận, thị trường biến động, có lo nhưng không nguy hiểm."
G27-B41,Di biến Tổn (Động 5),27,41,5,"So sánh lực lượng, bên bán mạnh hơn, bên mua thế thủ, chú ý vật đến cùng cực sẽ quay trở lại."
G27-B22,Di biến Bí (Bôn) (Động 6),27,22,6,"Có khách hàng lớn thao túng, cục diện dao động, rủi ro khá lớn."
G24-B51,Phục biến Chấn (Động 1),24,51,1,"Giá tăng yếu ớt, sức cản khá lớn, tạm thời không nên nhập cuộc."
G24-B3,Phục biến Truân (Động 2),24,3,2,"Không nên nhập cuộc, thế thủ là tốt, những biến hoá ngẫu nhiên sẽ dẫn đến thất bại."
G24-B27,Phục biến Di (Động 3),24,27,3,Cho dù người khác nói gì thì cũng phải hành động theo sách lược của mình mới thu được lợi.
G24-B2,Phục biến Khôn (Động 4),24,2,4,"Chỉ dựa vào những nguyên lý thông thường không thể thuyết phục được bạn cố gắng vươn lên, đầu óc nóng lên, tham lam vô độ, kết quả sẽ bị mắc kẹt. Xu thế xem ra có vẻ đi xuống."
G24-B19,Phục biến Lâm (Động 5),24,19,5,"Luôn chỉ biết cầu lợi, tình hình thay đổi, cuối cùng chẳng được gì."
G24-B36,Phục biến Minh Di (Động 6),24,36,6,"Thị trường khá yên lặng, mua bán bình thường, cho nên mua bán nhanh là chính, có thể giữ lại chứng phiếu."
G44-B57,Cấu biến Tốn (Động 1),44,57,1,"Cần từ tổng thể mà xét để thấy xu thế tăng hay giảm. Không thể dựa vào chủ quan, cố chấp, vì như thế rất dễ bị mắc kẹt, cách làm đó hoàn toàn không phù hợp, chẳng thà nghỉ còn hơn."
G44-B50,Cấu biến Đỉnh (Động 2),44,50,2,"Giữ hàng lại không lợi, chú ý bán ra ở thời điểm giá cả thích hợp, giá cả có thể tạm thời giảm thấp, nhưng không nên xem đó là xu thế, bán ra rủi ro khá lớn. Từ tổng thể mà xét thì lợi ích không lớn lắm."
G44-B28,Cấu biến Đại Quá (Động 3),44,28,3,"Thị trường xuất hiện dao động lớn, nhưng thiên thời địa lợi nhân hòa đều có, quán triệt phương án của mình thì sẽ thắng lợi."
G44-B1,Cấu biến Càn (Động 4),44,1,4,"Kịp thời quyết toán bán ra, cảnh giác đề phòng thị trường biến động khiến cho lợi nhuận đã giành được giảm thấp. Lúc này thị trường có nhiều dòng suy nghĩ, giá cả có thể lên xuống, không được manh động chạy theo mua vào, cảnh giác thị trường có chuyển biến, dễ bị mắc kẹt. Trước hết cần phải nghiên cứu phán đoán xu thế của thị trường, sau đó mới quyết định."
G44-B33,Cấu biến Độn (Động 5),44,33,5,"Vì bị thua thiệt, tự nhiên tâm lý bị dè nặng, không được vì thế mà lo lắng buông xuôi, mất đi lòng tin, vì nếu như thế thì sẽ càng thất bại tiếp."
G44-B6,Cấu biến Tụng (Động 6),44,6,6,"Nhận được tin thì đã muộn, chứng phiếu bị kẹt, trong lòng buồn bực. Cẩn thận đề phòng mất đoàn kết với bạn bè."
G28-B48,Đại Quá biến Tỉnh (Động 1),28,48,1,"Không thể ứng dụng một cách giáo điều các loại lý thuyết, càng không thể tự cao tự phụ, hành động làm liều, vì cuối cùng sẽ chuốc lấy thất bại."
G28-B32,Đại Quá biến Hằng (Động 2),28,32,2,"Chú ý ở giá cả thích hợp mua vào, có thể lãi lớn."
G28-B44,Đại Quá biến Cấu (Động 3),28,44,3,"Giá lên cao, cảnh giác về sau giá có biến đổi. Ở giá cao thích hợp nên bán ra."
G28-B43,Đại Quá biến Quải (Động 4),28,43,4,"Giá tiếp tục lên cao, mọi người chỉ mong đến đỉnh, không dám mua vào, mà chỉ dám bán ra, kết quả không những không có lợi mà còn bị kẹt."
G28-B31,Đại Quá biến Hàm (Động 5),28,31,5,"Mua vào nhiều không thể ôm lâu, cảnh giác xu thế chuyển đổi gây nên bị động."
G28-B47,Đại Quá biến Khốn (Động 6),28,47,6,"Cát tinh cao chiếu, ra cửa là gặp điều vui, thuận theo xu thế bán ra chẳng có gì nguy hiểm, cầu tài là được."
G50-B18,Đỉnh biến Cổ (Động 1),50,18,1,"Cẩn thận đề phòng bị thua lỗ, tâm thái không tốt hoặc quá tham lam, không chú ý đến tình hình khách quan biến đổi, cứ một mạch chạy theo thị trường thì dễ bị mắc kẹt."
G50-B44,Đỉnh biến Cấu (Động 2),50,44,2,"Giá từng nấc tăng lên, bên bán không có sức kéo xuống, bên mua kịp thời bán ra, không nên chạy theo đến cùng, phải cảnh giác dấu hiệu tình hình biến đổi."
G50-B32,Đỉnh biến Hằng (Động 3),50,32,3,"Qua một thời kỳ giá cao, đa số khách hàng đều mất lòng tin, nghe tin gì cũng cảm thấy hoang mang, nếu manh động chạy theo thị trường dễ bị thua thiệt."
G50-B14,Đỉnh biến Đại Hữu (Động 4),50,14,4,Chú ý mua vào nhưng không được chạy theo quá mức.
G50-B56,Đỉnh biến Lữ (Động 5),50,56,5,"Mua bán bị mắc kẹt, vận khí không tốt, chẳng được gì."
G50-B64,Đỉnh biến Vị Tế (Động 6),50,64,6,"Phát sinh nhiều tình hình bất lợi gây nên hành động nhiễu loạn, giá biến động trong biên độ hẹp. Nhập cuộc vất vả mà chẳng được gì, nên cẩn thận."
G32-B46,Hằng biến Thăng (Động 1),32,46,1,"Nhập cuộc gặp trở ngại, nên ngừng giao dịch, nếu không sẽ mắc kẹt, không có cách giải thoát."
G32-B28,Hằng biến Đại Quá (Động 2),32,28,2,"Trong thị trường ổn định tiềm ẩn nguồn năng lượng lớn, đứng trước thị trường dao động nên giữ thái độ trầm tĩnh, có dũng có mưu, so sánh bên bán và bên mua thì mua vào có lợi."
G32-B50,Hằng biến Đỉnh (Động 3),32,50,3,"Thừa thắng truy kích, có gì mà phải sợ ?"
G32-B34,Hằng biến Đại Tráng (Động 4),32,34,4,"Nhập cuộc bị kẹt, lại chưa muốn bán ra, chẳng có cách nào khác."
G32-B62,Hằng biến Tiểu Quá (Động 5),32,62,5,"Giá từ cao rơi xuống thấp, thuận theo xu thế mà phán đoán hướng đi của thị trường, không nên nhập cuộc."
G32-B40,Hằng biến Giải (Động 6),32,40,6,"Lượng sức mà làm, dục tốc bất đạt, giá cả quá cao càng có xu hướng bật ngược trở lại."
G57-B44,Tốn biến Cấu (Động 1),57,44,1,"Có thể thắng lớn, chú ý nắm chắc tình hình, phân phối tốt lượng hàng, thuận theo xu thế mà hành động có thể sẽ tăng thêm lợi nhuận. Có khách hàng lớn nhập cuộc, thấy lợi thì kịp thời bán ra, về cuối không nên lại mua vào."
G57-B18,Tốn biến Cổ (Động 2),57,18,2,"Tình hình có hiện tượng khác thường, thị trường tiềm ẩn rủi ro cực lớn. Nhập cuộc dễ bị mắc kẹt."
G57-B48,Tốn biến Tỉnh (Động 3),57,48,3,"Đáng lẽ giá tăng thì lại giảm, vào sàn bị mê hoặc, do đó tạm thời nên chờ đợi cho xu thế rõ ràng."
G57-B9,Tốn biến Tiểu Súc (Động 4),57,9,4,"Xu thế không rõ, trong lòng mê muội, có khách hàng lớn nhập cuộc mua vào, giá cả tăng lên. Không đủ lòng tin để nhập cuộc, cho nên tốt nhất là đứng ngoài quan sát."
G57-B53,Tốn biến Tiệm (Động 5),57,53,5,"Trong lòng đầy mê hoặc, không nắm chắc thực lực hai bên mua bán, được không bằng mất, nên cẩn thận đề phòng lực lượng bên bán."
G57-B59,Tốn biến Hoán (Động 6),57,59,6,"Sự phát triển của thị trường không phân biệt đúng hay sai, mấu chốt là ở chỗ bản thân nắm chắc thị trường nên mua hay bán nếu tuỳ ý làm miễn cưỡng thì luôn thất bại. Thuận theo xu thế mà hành động sẽ đứng vững và chiến thắng."
G48-B28,Tỉnh biến Đại Quá (Động 1),48,28,1,"Dao động không yên, đề phòng hành động quá sức mình, lượng sức mà làm, nếu không gặp khi thị trường đột biến thì lực bất tòng tâm, chuốc lấy thất bại. Cao trào này qua đi giá cả sẽ xuống thấp."
G48-B46,Tỉnh biến Thăng (Động 2),48,46,2,"Lực lượng bên mua hùng mạnh, không được xem thường, bên bán tuy muốn áp đảo nhưng không áp đảo nổi. Bán ra phải cẩn thận, nên thuận xu thế mua vào thì sẽ thu lợi."
G48-B57,Tỉnh biến Tốn (Động 3),48,57,3,"Thị trường sức mua khá lớn, có thể thuận theo xu thế mà làm, giữ hàng lại có lợi, rất dễ bỏ lỡ cơ hội nhập cuộc, nếu lòng tin không đủ thì tạm thời không nên nhập cuộc."
G48-B5,Tỉnh biến Nhu (Động 4),48,5,4,"Không có rủi ro, cầu tài có triển vọng, áp lực bên mua khá lớn, lượng giao dịch không nên nhiều."
G48-B39,Tỉnh biến Kiển (Động 5),48,39,5,"Nhập cuộc sẽ thắng lợi, nhưng không nên vì thế mà hành động tuỳ tiện, trước hết phải có kế hoạch hành động, không nên chạy theo cảm giác, cẩn thận đề phòng thị trường phát sinh bất ngờ, dẫn đến chuốc lấy thất bại."
G48-B29,Tỉnh biến Khảm (Động 6),48,29,6,"Nhất định phải kiềm chế mình, không được nhập cuộc, thị trường có sức hấp dẫn lớn, nhưng nếu vội vàng sẽ bị mắc kẹt."
G18-B50,Cổ biến Đỉnh (Động 1),18,50,1,"Không nắm chắc tình hình thì không nên nhập cuộc, không nắm vững xu thế thị trường thì cầu tài không được. Phải nhìn thẳng vào hiện thực, mua bán trước hết là để thu lãi, chỉ nói suông sẽ chẳng được gì."
G18-B57,Cổ biến Tốn (Động 2),18,57,2,"Có lợi mà không thu được, mua bán phải chú ý, tâm thái không ổn thì không nên làm, nên chờ thời cơ. Nếu có chứng phiếu bị kẹt thì đây là dịp tốt để bán ra."
G18-B46,Cổ biến Thăng (Động 3),18,46,3,"Giá cả dao động mạnh, trong lòng sợ hãi, mua bán tranh chấp nhau, nhập cuộc không có lợi. Về cuối giá cả tăng lên."
G18-B26,Cổ biến Đại Súc (Động 4),18,26,4,"Giá không ổn định, rủi ro khá lớn, nên mua vào không nên bán ra."
G18-B52,Cổ biến Cấn (Động 5),18,52,5,"Tình hình phát triển gặp trở ngại, nhập cuộc không lợi. Tạm thời không hành động."
G18-B4,Cổ biến Mông (Động 6),18,4,6,"Hành động đợt đầu đã thua thiệt thì không nên lập tức làm tiếp, nên nghỉ ngơi điều chỉnh, xu thế không rõ ràng, không nên nhập cuộc."
G46-B32,Thăng biến Hằng (Động 1),46,32,1,"Sau khi nhập cuộc chú ý mua vào, giá tăng cao sẽ có triển vọng, không được do dự, phải dứt khoát thì sẽ thu lợi lớn."
G46-B48,Thăng biến Tỉnh (Động 2),46,48,2,"Mua bán không nên tiêu cực, vận khí bình thường, nhập cuộc tuy rủi ro không lớn nhưng cũng chẳng lợi nhiều."
G46-B18,Thăng biến Cổ (Động 3),46,18,3,"Tình hình tuy tốt nhưng không nắm chắc cho nên kết quả ngược lại, nhập cuộc bị mắc kẹt, tuy không nguy hiểm lắm nhưng chẳng được lợi gì. Nên chờ thời cơ."
G46-B11,Thăng biến Thái (Động 4),46,11,4,"Không có rủi ro, nắm vững sự biến đổi của thị trường, làm theo phương án của mình, nhập cuộc sẽ có lợi."
G46-B23,Thăng biến Bác (Bóc) (Động 5),46,23,5,"Chứng phiếu bị kẹt, không thể nào thoát được, vẫn ôm ảo tưởng đối với tình hình, điều đó chứng tỏ tâm lý bạn sa sút, nếu không kịp thời giải quyết thì sẽ sai lầm lớn."
G46-B7,Thăng biến Sư (Động 6),46,7,6,"Bên bán áp lực khá lớn, nhưng vì bên mua chống đỡ lại nên giá cả không bị trượt xuống mà xuống từng nấc theo bậc thang, thấy bán lợi thì kịp thời bán ra. Về cuối không nên chạy theo bán nữa."
G6-B59,Tụng biến Hoán (Động 1),6,59,1,"Sắp đặt trước kế hoạch hành động, căn cứ phán đoán của mình, vào sàn giao dịch sẽ thắng lợi lớn bất ngờ."
G6-B64,Tụng biến Vị Tế (Động 2),6,64,2,"Sau khi mở sàn, dựa theo xu thế mua vào, thấy lợi thì kịp thời bán ra, giữ hàng lại có rủi ro, lượng không nên nhiều."
G6-B47,Tụng biến Khốn (Động 3),6,47,3,"Giá đông đều kéo dài, mua bán nhanh là chính, không nên giữ hàng, rất dễ vì coi trọng một giá nào đó mà bị thua thiệt."
G6-B10,Tụng biến Lý (Động 4),6,10,4,"Thấy cao bán ra, thấy thấp mua vào là sách lược hôm nay, vận khí thuận lợi, không có gì nguy hiểm, nhưng cũng không lợi lớn."
G6-B12,Tụng biến Bĩ (Phủ) (Động 5),6,12,5,"Vận khí không thông, không được nóng vội, manh động. Giữa chừng có biến, sự việc ngược với ý muốn, cầu tài không được. Tạm thời nên quan sát."
G6-B44,Tụng biến Cấu (Động 6),6,44,6,"Nhận được tin thì đã muộn, chứng phiếu bị kẹt, trong lòng buồn bực. Cẩn thận đề phòng mất đoàn kết với bạn bè."
G47-B29,Khốn biến Khảm (Động 1),47,29,1,"Giao dịch không trôi chảy, có dấu hiệu bị mắc kẹt, nên rút lui để điều chỉnh tâm thái, vội vàng không bằng ngồi yên quan sát."
G47-B40,Khốn biến Giải (Động 2),47,40,2,"Thị trường bên bán áp đảo, không nên chạy theo bán ra vì vật đến cùng cực tất sẽ quay lại, cảnh giác bên mua nhập cuộc, hoặc bên bán sau khi bán ra quay lại mua vào, tình hình rơi vào trạng thái cực đoan, quá trình sẽ chuyển đổi, do đó nhập cuộc phải cẩn thận."
G47-B6,Khốn biến Tụng (Động 3),47,6,3,"Giá đông đều kéo dài, mua bán nhanh là chính, không nên giữ hàng, rất dễ vì coi trọng một giá nào đó mà bị thua thiệt."
G47-B58,Khốn biến Đoài (Động 4),47,58,4,"Thị trường tiềm ẩn năng lượng rất lớn, dễ bùng nổ, vì vậy không nên vội vàng nhập cuộc, chờ cho thị trường ổn định mới nhập cuộc. Không nên ảo tưởng luôn mua được giá thấp, bán được giá cao."
G47-B45,Khốn biến Tụy (Động 5),47,45,5,"Giữ tín nhiệm là điều căn bản để giành thắng lợi, mới nghe ra giống như đó là điều không phù hợp, thực ra duy trì được chữ tín, hành động từng bước theo xu thế một cách chắc chắn thì chẳng có gì đáng lo."
G47-B28,Khốn biến Đại Quá (Động 6),47,28,6,"Không nên nhập cuộc, tình hình tạm thời ở vào trạng thái bề mặt yên lặng nhưng tiềm ẩn năng lượng rất lớn, có dấu hiệu sắp bột phát, rất dễ bị kẹt. Nên tạm thời quan sát, chờ thời cơ."
G64-B4,Vị Tế biến Mông (Động 1),64,4,1,"Trong thị trường chứng khoán không thể cùng người khác mua bán, vì cách làm này luôn tạo nên thua thiệt, phương thức mua bán mỗi người một khác, cho nên nhất định phải căn cứ vào tình hình cụ thể của mình mà định ra phương án."
G64-B6,Vị Tế biến Tụng (Động 2),64,6,2,"Sau khi mở sàn, dựa theo xu thế mua vào, thấy lợi thì kịp thời bán ra, giữ hàng lại có rủi ro, lượng không nên nhiều."
G64-B40,Vị Tế biến Giải (Động 3),64,40,3,"Có khách hàng lớn vào sàn thao túng, tạo nên cục diện bị động và mắc kẹt, lòng đầy lo lắng. Nên kịp thời nghĩ cách xử lý chứng phiếu bị kẹt, để lâu có hại lớn."
G64-B38,Vị Tế biến Khuê (Động 4),64,38,4,"Thị trường có hiện tượng đột biến, không thể hành động theo mong muốn chủ quan, cẩn thận đề phòng bị mắc kẹt."
G64-B35,Vị Tế biến Tấn (Động 5),64,35,5,"Vào sàn giao dịch, gặp họa mà được phúc, chỉ là vì tạm thời bị mắc kẹt nhưng tình hình phát triển theo hướng ngược lại có lợi cho mình, cuối cùng lo lắng được xoá tan mà còn có lợi."
G64-B50,Vị Tế biến Đỉnh (Động 6),64,50,6,"Thị trường tấp nập, lòng người hăng hái, lôi cuốn mọi người chạy theo mua vào, giá cả tăng lên. Theo đà đó mà làm chẳng có gì là không lợi."
G40-B7,Giải biến Sư (Động 1),40,7,1,"Không nên mua vào, càng không nên tăng số lượng. Mua bán có trở ngại, thắng lợi không dễ, cẩn thận đề phòng bị mắc kẹt, so sánh thì sức bán mạnh hơn sức mua, giá cao nên bán ra."
G40-B47,Giải biến Khốn (Động 2),40,47,2,"Mọi người đều say, chỉ riêng mình tỉnh, cho dù mọi người làm gì, bản thân nhất định phải hành động theo kế hoạch của mình, hành động cẩn thận, nhất định thu lãi."
G40-B64,Giải biến Vị Tế (Động 3),40,64,3,"Khắp nơi đầy tiền, làm thế nào để giành phần thắng ? Điều trước hết là phải có trí tuệ, tiếp theo là nỗ lực, đầu tư khoa học, không được tham lam, không được ngông cuồng, v.v., chỉ có đầy đủ những đức tính đó mới có triển vọng là người thắng lợi trong thị trường chứng khóan."
G40-B54,Giải biến Quy Muội (Động 4),40,54,4,"Mua vào giá thấp, mua nhanh bán nhanh sẽ có lợi, không nên giữ hàng lại."
G40-B16,Giải biến Dự (Động 5),40,16,5,"Có lo lắng nhưng không nguy hiểm, yên tâm hành động, nên bán, không nên mua vào."
G40-B32,Giải biến Hằng (Động 6),40,32,6,"Biết đủ thì vui mừng, tham lam là điều cấm kỵ đầu tiên trong thị trường chứng khoán, bình tĩnh, ôn hòa, vào sàn đúng lúc đó là đại cát đại lợi."
G59-B6,Hoán biến Tụng (Động 1),59,6,1,"Thị trường phát sinh hiện tượng khác thường, vào sàn không lợi. Có khách hàng lớn nhập cuộc, giá cả dao động lớn, tạm thời ngừng giao dịch, chờ thời cơ."
G59-B4,Hoán biến Mông (Động 2),59,4,2,"Ban đầu giao dịch không thuận lợi, có trở ngại, xuất hiện thua lỗ. Nhưng không can gì, bình tĩnh hành động tình hình sẽ phát triển theo hướng có lợi, thua thiệt được bù đắp, cuối cùng còn có lãi. Không nên giữ hàng lại, nên kịp thời bán ra."
G59-B29,Hoán biến Khảm (Động 3),59,29,3,"Cho dù là chuyên gia thì cũng có lúc sai lầm, cho nên nói không nên tin vào cách nhìn của người khác, hoặc dựa vào các biểu đồ, nên cẩn thận nghiên cứu thị trường, bồi dưỡng khả năng độc lập, tin vào mình cuối cùng sẽ chẳng có gì nguy hiểm."
G59-B61,Hoán biến Trung Phu (Động 4),59,61,4,"Nghe theo ý kiến người khác, mù quáng chạy theo thị trường, không giữ tính độc lập của mình, giá cả dao động lớn, mua bán đều không thuận, cầu tài không được."
G59-B20,Hoán biến Quan (Động 5),59,20,5,"Cần điều chỉnh tâm thái, không được nôn nóng, dục tốc bất đạt, nhập cuộc vội vàng sẽ thất bại."
G59-B57,Hoán biến Tốn (Động 6),59,57,6,"Sự việc diễn ra ngược với mong muốn, giao dịch ban đầu tốt, về sau trắc trở, cầu tài không được. Tốt nhất không nhập cuộc."
G29-B47,Khảm biến Khốn (Động 1),29,47,1,"Tình hình có đột biến, giá cả không ổn định, mọi người lo lắng, xu thế không rõ ràng, không nên nhập cuộc."
G29-B7,Khảm biến Sư (Động 2),29,7,2,"Có biến đổi mới, hầu như đột biến, làm cho bạn không kịp quan sát, mua bán tranh nhau, mua vào không nên giữ lâu, nếu không sẽ bị mắc kẹt."
G29-B59,Khảm biến Hoán (Động 3),29,59,3,"Thị trường nhạt nhẽo, tinh thần uể oải, bên mua tham gia thị trường để làm thử, nhưng phản ứng không lớn, giá cả vẫn nằm ở mức thấp. Nhập cuộc dễ bị kẹt."
G29-B60,Khảm biến Tiết (Động 4),29,60,4,"Mua bán ngang sức nhau, giá cả lên xuống không ổn định, nhập cuộc rủi ro lớn, nên chờ thời cơ."
G29-B8,Khảm biến Tỉ (Động 5),29,8,5,"Thị trường dao động, giá cả trượt xuống, không nên mua bán."
G29-B48,Khảm biến Tỉnh (Động 6),29,48,6,"Chứng phiếu bị kẹt được giải thoát, mua mới vào sẽ có lãi, giá thấp có triển vọng lên cao, nhưng sức mua tăng không mạnh, dù vậy chẳng có gì không lợi."
G4-B64,Mông biến Vị Tế (Động 1),4,64,1,"Nhập cuộc như rơi vào nguy hiểm, chứng phiếu bị kẹt, không chịu đựng được, trong lòng lo lắng, nên tạm thời ngừng giao dịch, chờ đợi thời cơ."
G4-B59,Mông biến Hoán (Động 2),4,59,2,"Tham một đĩa bỏ một mâm, không muốn thừa nhận sai lầm, chỉ cầu mong tình hình biến đổi, làm như thế thì bạn luôn bị thua thiệt, cẩn thận đề phòng bán ra một cách gượng ép."
G4-B7,Mông biến Sư (Động 3),4,7,3,"Hành động thiếu suy nghĩ, nhập cuộc dễ bị kẹt, vất vả mà chẳng được gì."
G4-B41,Mông biến Tổn (Động 4),4,41,4,"Đang mua bán, đột nhiên truyền đến thông tin bất lợi cho bạn, trong lòng lo lắng nhưng cuối cùng lo mà không nguy hiểm."
G4-B15,Mông biến Khiêm (Liêm) (Động 5),4,15,5,"Mười phần thua đến chín, không nên nhập cuộc, cần nghỉ ngơi, điều chỉnh tâm lý, cầu tài không dễ."
G4-B18,Mông biến Cổ (Động 6),4,18,6,"Ban đầu khá tốt, mua bán nhanh kịp thời cân bằng, giữa chừng thị trường có biến cẩn thận đề phòng bị động."
G4-B23,Mông biến Bác (Động 2),4,23,2,"Thị trường đang trong giai đoạn mông lung, phương hướng không rõ ràng (Mông), lại gặp vận giá cả có xu hướng trượt xuống (Bác). Tuy hào động đắc trung (có thể cầm cự được) nhưng nhìn chung không thuận lợi. Tốt nhất là nên đứng ngoài quan sát, kiên nhẫn chờ đợi, không nên vội vàng nhập cuộc để tránh bị kẹt."
G7-B40,Sư biến Giải (Động 1),7,40,1,"Hai bên mua bán tranh giành kịch liệt, mọi người hăng hái, cuối cùng xu thế tình hình rõ ràng, nhập cuộc sẽ có lợi."
G7-B29,Sư biến Khảm (Động 2),7,29,2,"Thu lợi bất ngờ, nhưng không nên mua vào."
G7-B4,Sư biến Mông (Động 3),7,4,3,"Mười phần thua đến chín, không nên nhập cuộc, cần nghỉ ngơi, điều chỉnh tâm lý, cầu tài không dễ."
G7-B19,Sư biến Lâm (Động 4),7,19,4,"Thị trường hỗn loạn, có khách hàng lớn đang đứng ngoài quan sát, các khách hàng nhỏ nhập cuộc mù quáng, lúc này không nên nhập cuộc."
G7-B2,Sư biến Khôn (Động 5),7,2,5,"Giá cả trượt xuống kéo dài, lòng người lo lắng, mua bán bị kẹt, không nên nhập cuộc, chú ý quan sát thời điểm chuyển biến."
G7-B46,Sư biến Thăng (Động 6),7,46,6,"Nhập cuộc không dễ giao dịch, giá tăng không nhiều, chú ý đến kỹ xảo mua bán, không được tham lam luyến tiếc thị trường, mua bán nhanh là chính."
G33-B53,Độn biến Tiệm (Động 1),33,53,1,"Giá cả lên cao, nhưng sức tăng không lớn, giữa chừng bên bán áp đảo, kết quả bị kẹt trở lại, tinh thần sa sút."
G33-B56,Độn biến Lữ (Động 2),33,56,2,"Giao dịch là thành, nhưng vất vả, lo lắng, không được yên thân."
G33-B31,Độn biến Hàm (Động 3),33,31,3,"Tình hình hỗn loạn, dễ bị mê hoặc, nếu xúc động thì chuốc lấy thất bại, có khả năng sa vào tranh cãi, nhập cuộc cẩn thận."
G33-B13,Độn biến Đồng Nhân (Động 4),33,13,4,"Thua thiệt là không thể tránh khỏi, tự mình phải xem xét mà hành động."
G33-B44,Độn biến Cấu (Động 5),33,44,5,"Sức bán dần dần kéo sức mua xuống, thể hiện có sự suy yếu, lúc này nên cẩn thận đề phòng, bởi vì suy vận sắp đến, đồng thời nên chú ý: có thể bị thua thiệt ngoài ý muốn."
G33-B12,Độn biến Bĩ (Phủ) (Động 6),33,12,6,"Chạy theo mua vào dễ bị mắc kẹt, mảnh đất hoạt động chật hẹp, mua vào bán ra khó khăn, tạm thời quan sát chờ đợi."
G31-B39,Hàm biến Kiển (Động 1),31,39,1,"Bên mua mạnh, thị trường có biến, bên bán không hài hoà, gặp khó khăn, mua bán không lợi, đứng ngoài quan sát là chính."
G31-B62,Hàm biến Tiểu Quá (Động 2),31,62,2,"Toàn thị trường đi vào cực đoan, mua bán không thể ngược với xu thế, phải giữ bình tĩnh, hôm nay quan sát là chính, cầu tài không dễ."
G31-B33,Hàm biến Độn (Động 3),31,33,3,"Thấy thấp thì mua vào, chẳng có gì là không lợi, phải nắm bắt thời cơ, đây là tượng thu lợi lớn."
G31-B49,Hàm biến Cách (Động 4),31,49,4,"Khí vận biến hoá nhiều, hành động dễ bị kẹt, trong trường hợp giá biến đổi mạnh như thế thì không nên do dự, phải quyết đoán, đưa hết dũng khí và thông minh ra. Giá cả lên xuống, cuối chợ có triển vọng lên cao."
G31-B28,Hàm biến Đại Quá (Động 5),31,28,5,"Có những nhân tố khiến cho tình hình biến đổi lớn, giá cả từ thấp lên cao."
G31-B45,Hàm biến Tụy (Túy) (Động 6),31,45,6,"Phán đoán sai xu thế thị trường, chứng phiếu bị mắc kẹt, bên mua thử vào cuộc, về sau bên bán áp đảo, mua bán không thuận lợi, có tổn thất, cần cẩn thận."
G56-B52,Lữ biến Cấn (Động 1),56,52,1,"Thị trường là bán ra, mua vào sẽ nguy hiểm."
G56-B33,Lữ biến Độn (Động 2),56,33,2,"Thấy thấp thì mua vào, chẳng có gì là không lợi, phải nắm bắt thời cơ, đây là tượng thu lợi lớn."
G56-B62,Lữ biến Tiểu Quá (Động 3),56,62,3,"Toàn thị trường đi vào cực đoan, mua bán không thể ngược với xu thế, phải giữ bình tĩnh, hôm nay quan sát là chính, cầu tài không dễ."
G56-B30,Lữ biến Ly (Động 4),56,30,4,"Hai bên mua bán đối địch, thị trường có trắc trở, cần cẩn thận."
G56-B50,Lữ biến Đỉnh (Động 5),56,50,5,"Chứng phiếu bị kẹt, không chịu được nữa, nhưng đẩy ra lại chưa muốn, do đó thua thiệt ngày càng lớn, tốt nhất là quan sát tình hình biến đổi, tạm thời không nên nhập cuộc."
G56-B35,Lữ biến Tấn (Động 6),56,35,6,"Giá tăng gặp phải trở lực, bên bán thực lực khá mạnh, cuối cùng giá cả lại quay trở xuống."
G62-B23,Tiểu Quá biến Bác (Bóc) (Động 1),62,23,1,"Khó khăn chao đảo, là lúc thời vận suy vong, phải cẩn thận, thế thủ, đợi thời cơ đến, nếu nhập cuộc có dấu hiệu chuốc lấy thất bại, giá cả đi xuống."
G62-B31,Tiểu Quá biến Hàm (Động 2),62,31,2,"Tình hình hỗn loạn, dễ bị mê hoặc, nếu xúc động thì chuốc lấy thất bại, có khả năng sa vào tranh cãi, nhập cuộc cẩn thận."
G62-B56,Tiểu Quá biến Lữ (Động 3),62,56,3,"Tùy cơ mà nhập cuộc, sẽ thu lợi bất ngờ, lúc này nên điều chỉnh tâm thái, đầu óc tỉnh táo nhưng cũng không được coi thường người khác, nếu không sẽ chuốc lấy thất bại, đứng ngồi không yên."
G62-B55,Tiểu Quá biến Phong (Động 4),62,55,4,"Cho dù là ý kiến của ai cũng không đủ để bạn làm căn cứ, vừa phải tham khảo vừa phải độc lập tư duy, chỉ có như thế hành động mới có mục đích, không đến nỗi khi tình hình đột biến trở tay không kịp. Có thu lợi."
G62-B32,Tiểu Quá biến Hằng (Động 5),62,32,5,"Bề mặt có vẻ thuận lợi, chỉ vì không có kinh nghiệm mà mua bán không thành, không thu được lợi."
G62-B16,Tiểu Quá biến Dự (Động 6),62,16,6,"Chứng phiếu bị kẹt, đáng lẽ nên kịp thời bán ra, nếu không thừa nhận sai lầm, cứ thế đeo đuổi thì sẽ bị kẹt, lỗ to."
G53-B33,Tiệm biến Độn (Động 1),53,33,1,"Thấy thấp thì mua vào, chẳng có gì là không lợi, phải nắm bắt thời cơ, đây là tượng thu lợi lớn."
G53-B52,Tiệm biến Cấn (Động 2),53,52,2,"Thị trường là bán ra, mua vào sẽ nguy hiểm."
G53-B39,Tiệm biến Kiển (Động 3),53,39,3,"Bên mua mạnh, thị trường có biến, bên bán không hài hoà, gặp khó khăn, mua bán không lợi, đứng ngoài quan sát là chính."
G53-B37,Tiệm biến Gia Nhân (Động 4),53,37,4,"Bên mua mua thử, mọi người mệt mỏi, quan sát xu thế của thị trường thì bên mua yếu ớt, bên bán vẫn chờ thời cơ, nên giá cả tụt xuống."
G53-B57,Tiệm biến Tốn (Động 5),53,57,5,"Mọi người xung quanh bàn tán nhau mua bán, kết quả vì cách nhìn khác nhau, có người mua, có người bán, dẫn đến tranh chấp, bỏ lỡ thời cơ, chẳng ai được lợi."
G53-B20,Tiệm biến Quan (Động 6),53,20,6,"Giá thấp đang lên cao dần, về sau lại xuống thấp."
G39-B31,Kiển biến Hàm (Động 1),39,31,1,"Tình hình hỗn loạn, dễ bị mê hoặc, nếu xúc động thì chuốc lấy thất bại, có khả năng sa vào tranh cãi, nhập cuộc cẩn thận."
G39-B23,Kiển biến Bác (Bóc) (Động 2),39,23,2,"Khó khăn chao đảo, là lúc thời vận suy vong, phải cẩn thận, thế thủ, đợi thời cơ đến, nếu nhập cuộc có dấu hiệu chuốc lấy thất bại, giá cả đi xuống."
G39-B53,Kiển biến Tiệm (Động 3),39,53,3,"Không thể hành động mù quáng, nếu không có khả năng sẽ bị mắc kẹt, do đó cần chờ đợi tình hình chuyển biến, quan sát là chính, mua bán phải cẩn thận."
G39-B63,Kiển biến Ký Tế (Động 4),39,63,4,"Vì không nắm vững xu thế thị trường, thiếu lòng tin nên trong lòng lo lắng, tuy thế không bị lỗ nhiều."
G39-B48,Kiển biến Tỉnh (Động 5),39,48,5,"Không thể nóng vội, tiến lên từng bước, dung lượng thị trường cực lớn, nhưng không có gì rủi ro, cuối cùng có thể thắng lợi."
G39-B8,Kiển biến Tỉ (Động 6),39,8,6,"Thông tin đưa đến, nên cẩn thận phân tích giả hay thật, thực sự nắm chắc sức mua sức bán, không thể mù quáng mua vào, vì sức bán của thị trường rất mạnh, mua vào sẽ bị mắc kẹt."
G52-B56,Cấn biến Lữ (Động 1),52,56,1,"Tùy cơ mà nhập cuộc, sẽ thu lợi bất ngờ, lúc này nên điều chỉnh tâm thái, đầu óc tỉnh táo nhưng cũng không được coi thường người khác, nếu không sẽ chuốc lấy thất bại, đứng ngồi không yên."
G52-B53,Cấn biến Tiệm (Động 2),52,53,2,"Không thể hành động mù quáng, nếu không có khả năng sẽ bị mắc kẹt, do đó cần chờ đợi tình hình chuyển biến, quan sát là chính, mua bán phải cẩn thận."
G52-B23,Cấn biến Bác (Bóc) (Động 3),52,23,3,"Khó khăn chao đảo, là lúc thời vận suy vong, phải cẩn thận, thế thủ, đợi thời cơ đến, nếu nhập cuộc có dấu hiệu chuốc lấy thất bại, giá cả đi xuống."
G52-B22,Cấn biến Bí (Bôn) (Động 4),52,22,4,"Hành động sẽ bị kẹt, tâm lý lo lắng, may mà tình hình chuyển biến có lợi, từ thua lỗ chuyển thành bằng vốn."
G52-B18,Cấn biến Cổ (Động 5),52,18,5,"Ban đầu khá tốt, mua bán nhanh kịp thời cân bằng, giữa chừng thị trường có biến cẩn thận đề phòng bị động."
G52-B15,Cấn biến Khiêm (Liêm) (Động 6),52,15,6,"Có dấu hiệu sẽ bị tổn thất, âm khí (tức bên bán) quá mạnh, mua vào không lợi, chú ý điều chỉnh phương thức mua bán."
G23-B62,Bác biến Tiểu Quá (Động 1),23,62,1,"Toàn thị trường đi vào cực đoan, mua bán không thể ngược với xu thế, phải giữ bình tĩnh, hôm nay quan sát là chính, cầu tài không dễ."
G23-B39,Bác biến Kiển (Động 2),23,39,2,"Bên mua mạnh, thị trường có biến, bên bán không hài hoà, gặp khó khăn, mua bán không lợi, đứng ngoài quan sát là chính."
G23-B52,Bác biến Cấn (Động 3),23,52,3,"Thị trường vận hành ngưng trễ, hai bên mua bán đối địch, cầu tài gian khổ."
G23-B36,Bác biến Minh Di (Động 4),23,36,4,"Có khách hàng lớn vào sàn ở thời điểm giá cả thích hợp, giá hạ xuống bị ngừng lại, chú ý nắm chắc tình hình."
G23-B35,Bác biến Tấn (Động 4),23,35,4,"Vận thế bắt đầu chuyển biến tích cực, như mặt trời mọc trên mặt đất (Tấn). Giá cả sau thời gian giảm sút (Bác) nay có dấu hiệu phục hồi và tăng lên. Đây là thời cơ tốt để nhập cuộc, thuận theo xu thế mua vào sẽ thu được lợi nhuận."
G23-B46,Bác biến Thăng (Động 5),23,46,5,"Nhập cuộc không dễ giao dịch, giá tăng không nhiều, chú ý đến kỹ xảo mua bán, không được tham lam luyến tiếc thị trường, mua bán nhanh là chính."
G23-B2,Bác biến Khôn (Động 6),23,2,6,"Giá cả trượt xuống kéo dài, lòng người lo lắng, mua bán bị kẹt, không nên nhập cuộc, chú ý quan sát thời điểm chuyển biến."
G23-B4,Bác biến Mông (Động 2),23,4,2,"Mười phần thua đến chín , không nên nhập cuộc, cần nghỉ ngơi, điều chỉnh tâm lý, cầu tài không dễ"
G12-B20,Bĩ biến Quan (Động 1),12,20,1,"Giá thấp đang lên cao dần, về sau lại xuống thấp."
G12-B35,Bĩ biến Tấn (Động 2),12,35,2,"Giá tăng gặp phải trở lực, bên bán thực lực khá mạnh, cuối cùng giá cả lại quay trở xuống."
G12-B45,Bĩ biến Tụy (Túy) (Động 3),12,45,3,"Phán đoán sai xu thế thị trường, chứng phiếu bị mắc kẹt, bên mua thử vào cuộc, về sau bên bán áp đảo, mua bán không thuận lợi, có tổn thất, cần cẩn thận."
G12-B25,Bĩ biến Vô Vọng (Động 4),12,25,4,"Cầu tài không dễ, vất vả mà chẳng được gì, nhưng không có nguy hiểm lớn, theo người khác nhập cuộc, không có rủi ro, về cuối áp lực bên bán giảm xuống."
G12-B6,Bĩ biến Tụng (Động 5),12,6,5,"Cách nhìn khác nhau, giá cả lên xuống không ổn định, nhập cuộc phải cẩn thận."
G12-B33,Bĩ biến Độn (Động 6),12,33,6,"Thấy thấp thì mua vào, chẳng có gì là không lợi, phải nắm bắt thời cơ, đây là tượng thu lợi lớn."
G45-B8,Tụy biến Tỉ (Động 1),45,8,1,"Thông tin đưa đến, nên cẩn thận phân tích giả hay thật, thực sự nắm chắc sức mua sức bán, không thể mù quáng mua vào, vì sức bán của thị trường rất mạnh, mua vào sẽ bị mắc kẹt."
G45-B16,Tụy biến Dự (Động 2),45,16,2,"Chứng phiếu bị kẹt, đáng lẽ nên kịp thời bán ra, nếu không thừa nhận sai lầm, cứ thế đeo đuổi thì sẽ bị kẹt, lỗ to."
G45-B12,Tụy biến Bĩ (Phủ) (Động 3),45,12,3,"Chạy theo mua vào dễ bị mắc kẹt, mảnh đất hoạt động chật hẹp, mua vào bán ra khó khăn, tạm thời quan sát chờ đợi."
G45-B17,Tụy biến Tùy (Động 4),45,17,4,"Trên thị trường chứng khoán chỉ có người thắng người thua, không có chuyên gia, vì vậy khi mua bán không được kiêu ngạo, nên khiêm tốn thành thật, lấy bất biến ứng vạn biến."
G45-B47,Tụy biến Khốn (Động 5),45,47,5,"Nên kiên trì, nhẫn nại, bảo đảm nguyên tắc giao dịch, trở ngại nhiều, không như ý muốn, cần chờ đợi thời cơ chuyển biến, giá cả khá thấp, từ đây giá cả có triển vọng xuống thấp nữa."
G45-B31,Tụy biến Hàm (Động 6),45,31,6,"Tình hình hỗn loạn, dễ bị mê hoặc, nếu xúc động thì chuốc lấy thất bại, có khả năng sa vào tranh cãi, nhập cuộc cẩn thận."
G35-B15,Tấn biến Khiêm (Liêm) (Động 1),35,15,1,"Có dấu hiệu sẽ bị tổn thất, âm khí (tức bên bán) quá mạnh, mua vào không lợi, chú ý điều chỉnh phương thức mua bán."
G35-B12,Tấn biến Bĩ (Phủ) (Động 2),35,12,2,"Chạy theo mua vào dễ bị mắc kẹt, mảnh đất hoạt động chật hẹp, mua vào bán ra khó khăn, tạm thời quan sát chờ đợi."
G35-B16,Tấn biến Dự (Động 3),35,16,3,"Chứng phiếu bị kẹt, đáng lẽ nên kịp thời bán ra, nếu không thừa nhận sai lầm, cứ thế đeo đuổi thì sẽ bị kẹt, lỗ to."
G35-B21,Tấn biến Phệ Hạp (Động 4),35,21,4,"Mua bán không có lãi, có thể nghỉ ngơi, tạm thời quan sát, chờ thời."
G35-B64,Tấn biến Vị Tế (Động 5),35,64,5,"Ban đầu khó tránh được trở ngại và vất vả, nhưng cuối cùng gặp được thời vận tốt, một mặt tuy bị kéo dài thời gian nhưng kiên nhẫn tiến hành thì vẫn thành công, thị trường về cuối có dấu hiệu giá tăng lên."
G35-B56,Tấn biến Lữ (Động 6),35,56,6,"Tùy cơ mà nhập cuộc, sẽ thu lợi bất ngờ, lúc này nên điều chỉnh tâm thái, đầu óc tỉnh táo nhưng cũng không được coi thường người khác, nếu không sẽ chuốc lấy thất bại, đứng ngồi không yên."
G16-B2,Dự biến Khôn (Động 1),16,2,1,"Giá cả trượt xuống kéo dài, lòng người lo lắng, mua bán bị kẹt, không nên nhập cuộc, chú ý quan sát thời điểm chuyển biến."
G16-B45,Dự biến Tụy (Túy) (Động 2),16,45,2,"Phán đoán sai xu thế thị trường, chứng phiếu bị mắc kẹt, bên mua thử vào cuộc, về sau bên bán áp đảo, mua bán không thuận lợi, có tổn thất, cần cẩn thận."
G16-B35,Dự biến Tấn (Động 3),16,35,3,"Giá tăng gặp phải trở lực, bên bán thực lực khá mạnh, cuối cùng giá cả lại quay trở xuống."
G16-B51,Dự biến Chấn (Động 4),16,51,4,"Khắp nơi đầy tiền, then chốt là phải nắm vững thị trường, giá cả lên xuống không ổn định, không nên nhập cuộc, cầu tài không có triển vọng."
G16-B40,Dự biến Giải (Động 5),16,40,5,"Hai bên mua bán tranh giành kịch liệt, mọi người hăng hái, cuối cùng xu thế tình hình rõ ràng, nhập cuộc sẽ có lợi."
G16-B62,Dự biến Tiểu Quá (Động 6),16,62,6,"Toàn thị trường đi vào cực đoan, mua bán không thể ngược với xu thế, phải giữ bình tĩnh, hôm nay quan sát là chính, cầu tài không dễ."
G20-B12,Quan biến Bĩ (Phủ) (Động 1),20,12,1,"Chạy theo mua vào dễ bị mắc kẹt, mảnh đất hoạt động chật hẹp, mua vào bán ra khó khăn, tạm thời quan sát chờ đợi."
G20-B15,Quan biến Khiêm (Liêm) (Động 2),20,15,2,"Có dấu hiệu sẽ bị tổn thất, âm khí (tức bên bán) quá mạnh, mua vào không lợi, chú ý điều chỉnh phương thức mua bán."
G20-B8,Quan biến Tỉ (Động 3),20,8,3,"Thông tin đưa đến, nên cẩn thận phân tích giả hay thật, thực sự nắm chắc sức mua sức bán, không thể mù quáng mua vào, vì sức bán của thị trường rất mạnh, mua vào sẽ bị mắc kẹt."
G20-B42,Quan biến Ích (Động 4),20,42,4,"Chú ý nắm vững thời cơ nhập cuộc, giá cả không tốt ảnh hưởng đến tâm lý mua bán, nhưng cuối cùng không bị lỗ."
G20-B59,Quan biến Hoán (Động 5),20,59,5,"Vì mua bán sai lầm dẫn đến tranh chấp, bận rộn suốt ngày mà chẳng được gì, cuối cùng đành chịu thiệt bán ra, trong lòng buồn bã."
G20-B53,Quan biến Tiệm (Động 6),20,53,6,"Không thể hành động mù quáng, nếu không có khả năng sẽ bị mắc kẹt, do đó cần chờ đợi tình hình chuyển biến, quan sát là chính, mua bán phải cẩn thận."
G8-B45,Tỉ biến Tụy (Túy) (Động 1),8,45,1,"Phán đoán sai xu thế thị trường, chứng phiếu bị mắc kẹt, bên mua thử vào cuộc, về sau bên bán áp đảo, mua bán không thuận lợi, có tổn thất, cần cẩn thận."
G8-B2,Tỉ biến Khôn (Động 2),8,2,2,"Giá cả trượt xuống kéo dài, lòng người lo lắng, mua bán bị kẹt, không nên nhập cuộc, chú ý quan sát thời điểm chuyển biến."
G8-B20,Tỉ biến Quan (Động 3),8,20,3,"Giá thấp đang lên cao dần, về sau lại xuống thấp."
G8-B3,Tỉ biến Truân (Động 4),8,3,4,"Nhiều người mua vào, mua nhanh bán nhanh có thể có lãi, nhưng áp lực bên bán khá lớn, cả thị trường đều như thế."
G8-B29,Tỉ biến Khảm (Động 5),8,29,5,"Thu lợi bất ngờ, nhưng không nên mua vào."
G8-B39,Tỉ biến Kiển (Động 6),8,39,6,"Bên mua mạnh, thị trường có biến, bên bán không hài hoà, gặp khó khăn, mua bán không lợi, đứng ngoài quan sát là chính."
G15-B35,Khiêm biến Tấn (Động 1),15,35,1,"Giá tăng gặp phải trở lực, bên bán thực lực khá mạnh, cuối cùng giá cả lại quay trở xuống."
G15-B20,Khiêm biến Quan (Động 2),15,20,2,"Giá thấp đang lên cao dần, về sau lại xuống thấp."
G15-B2,Khiêm biến Khôn (Động 3),15,2,3,"Giá cả trượt xuống kéo dài, lòng người lo lắng, mua bán bị kẹt, không nên nhập cuộc, chú ý quan sát thời điểm chuyển biến."
G15-B27,Khiêm biến Di (Động 4),15,27,4,"Sau khi nhập cuộc, chứng phiếu bị kẹt, cần chờ tình hình chuyển biến có lợi, trong ngày hôm đó không có triển vọng gì."
G15-B4,Khiêm biến Mông (Động 5),15,4,5,"Mười phần thua đến chín, không nên nhập cuộc, cần nghỉ ngơi, điều chỉnh tâm lý, cầu tài không dễ."
G15-B52,Khiêm biến Cấn (Động 6),15,52,6,"Thị trường vận hành ngưng trễ, hai bên mua bán đối địch, cầu tài gian khổ."
G2-B16,Khôn biến Dự (Động 1),2,16,1,"Chứng phiếu bị kẹt, đáng lẽ nên kịp thời bán ra, nếu không thừa nhận sai lầm, cứ thế đeo đuổi thì sẽ bị kẹt, lỗ to."
G2-B8,Khôn biến Tỉ (Động 2),2,8,2,"Thông tin đưa đến, nên cẩn thận phân tích giả hay thật, thực sự nắm chắc sức mua sức bán, không thể mù quáng mua vào, vì sức bán của thị trường rất mạnh, mua vào sẽ bị mắc kẹt."
G2-B15,Khôn biến Khiêm (Liêm) (Động 3),2,15,3,"Có dấu hiệu sẽ bị tổn thất, âm khí (tức bên bán) quá mạnh, mua vào không lợi, chú ý điều chỉnh phương thức mua bán."
G2-B24,Khôn biến Phục (Động 4),2,24,4,"Mua bán ung dung, về cuối chú ý bán ra, phải chú ý quan sát dấu hiệu thị trường chuyển biến."
G2-B7,Khôn biến Sư (Động 5),2,7,5,"Thời cơ nhập cuộc không tốt, làm ăn vất vả, áp lực bên bán khá lớn, bên mua yếu ớt, giá cả trượt xuống."
G2-B23,Khôn biến Bác (Bóc) (Động 6),2,23,6,"Khó khăn chao đảo, là lúc thời vận suy vong, phải cẩn thận, thế thủ, đợi thời cơ đến, nếu nhập cuộc có dấu hiệu chuốc lấy thất bại, giá cả đi xuống."
